anio,tipo_ingreso,region,ingreso_nominal,ingreso_real_nov2024,error_estandar_nominal,error_estandar_real
2006,Ingreso del trabajo,Arica y Parinacota,286185.74811254634,602420.99977691,15335.662443789775,32281.56944417748
2009,Ingreso del trabajo,Arica y Parinacota,491090.9769418373,904098.4885499215,36379.26929014839,66974.2347631632
2011,Ingreso del trabajo,Arica y Parinacota,480348.7567642683,829562.3029318918,26642.847422619732,46012.197498864276
2013,Ingreso del trabajo,Arica y Parinacota,531180.8176527643,877510.7107623662,24343.062011495815,40214.738442991074
2015,Ingreso del trabajo,Arica y Parinacota,643235.3534310737,967425.9715603343,50679.89882100178,76222.56782678665
2017,Ingreso del trabajo,Arica y Parinacota,626814.8784638072,898225.7208386364,30651.724490272325,43923.921194560244
2020,Ingreso del trabajo,Arica y Parinacota,630793.0499772439,832646.8259699622,25831.96958155156,34098.19984764805
2022,Ingreso del trabajo,Arica y Parinacota,909922.879848312,993635.7847943566,34855.03400481688,38061.697133260015
2024,Ingreso del trabajo,Arica y Parinacota,1037066.9704816821,1037066.9704816821,28551.8217236273,28551.8217236273
2006,Ingreso del trabajo,Tarapacá,368381.31384079275,775442.6656348688,21096.565848631253,44408.27111136878
2009,Ingreso del trabajo,Tarapacá,444202.5903669434,817776.9688655435,53794.41477582021,99035.51760228496
2011,Ingreso del trabajo,Tarapacá,577290.7916047593,996981.1971014171,23903.542282438295,41281.417521770956
2013,Ingreso del trabajo,Tarapacá,805218.2098393018,1330220.482654526,45939.443145539466,75891.9600764312
2015,Ingreso del trabajo,Tarapacá,1002173.8588569498,1507269.4837208542,170700.13427665108,256733.00195208314
2017,Ingreso del trabajo,Tarapacá,816490.8177984057,1170031.3419051156,31033.275632449553,44470.68398130022
2020,Ingreso del trabajo,Tarapacá,858101.6437374377,1132694.1697334182,56950.196829868706,75174.25981542667
2022,Ingreso del trabajo,Tarapacá,998647.6702018792,1090523.2558604523,27588.641300383282,30126.796300018515
2024,Ingreso del trabajo,Tarapacá,1245327.1159630313,1245327.1159630313,32124.93610576422,32124.93610576422
2006,Ingreso del trabajo,Antofagasta,552106.4375220262,1162184.0509838653,32100.2389695308,67571.00303086232
2009,Ingreso del trabajo,Antofagasta,646248.0067945005,1189742.580508674,58516.87338863799,107729.56390848257
2011,Ingreso del trabajo,Antofagasta,817802.707056243,1412345.275086133,46535.62014141053,80367.01598421596
2013,Ingreso del trabajo,Antofagasta,973935.9890789727,1608942.253958462,55809.9534103443,92198.04303388878
2015,Ingreso del trabajo,Antofagasta,964075.256697443,1449969.1860729551,48127.57713019162,72383.87600380815
2017,Ingreso del trabajo,Antofagasta,1049704.5431574583,1504226.610344638,65966.53408287711,94530.04334076283
2020,Ingreso del trabajo,Antofagasta,947930.6421863169,1251268.4476859388,58181.85933693955,76800.05432476022
2022,Ingreso del trabajo,Antofagasta,1192603.9735568168,1302323.539124044,38810.597856947854,42381.17285978707
2024,Ingreso del trabajo,Antofagasta,1425494.7064330017,1425494.7064330017,32442.532719572107,32442.532719572107
2006,Ingreso del trabajo,Atacama,492548.84882205375,1036815.3267704248,31133.63296048388,65536.29738181857
2009,Ingreso del trabajo,Atacama,494045.10115915816,909537.0312340101,35835.0246281578,65972.2803404385
2011,Ingreso del trabajo,Atacama,563168.2625398161,972591.5894062626,24573.401466916013,42438.26433336397
2013,Ingreso del trabajo,Atacama,726537.1055299431,1200239.2983354668,40302.28600713404,66579.37648378547
2015,Ingreso del trabajo,Atacama,769445.7894208045,1157246.4672888897,23026.849476644617,34632.381612873505
2017,Ingreso del trabajo,Atacama,789284.3781340541,1131044.5138660993,46234.93107293765,66254.65622751966
2020,Ingreso del trabajo,Atacama,767779.4243784065,1013468.840179497,39881.68480274518,52643.82393962366
2022,Ingreso del trabajo,Atacama,925431.3319010301,1010571.0144359252,32426.339547016036,35409.562785341484
2024,Ingreso del trabajo,Atacama,1138337.5490888031,1138337.5490888031,29831.71310985596,29831.71310985596
2006,Ingreso del trabajo,Coquimbo,326359.5037517663,686986.7553974689,31457.61309546116,66218.27556594576
2009,Ingreso del trabajo,Coquimbo,359199.1665047533,661285.6655352511,18962.581081492062,34910.11177102688
2011,Ingreso del trabajo,Coquimbo,422137.6520362517,729031.7250666067,17595.057042749606,30386.66351282857
2013,Ingreso del trabajo,Coquimbo,585711.8385531539,967595.9572898119,22872.95073268555,37786.11461039648
2015,Ingreso del trabajo,Coquimbo,607606.7998899375,913840.6270344651,20038.565544862853,30138.002579473734
2017,Ingreso del trabajo,Coquimbo,574709.3973640561,823558.5664226923,57529.325233535004,82439.52305965565
2020,Ingreso del trabajo,Coquimbo,596934.3952370862,787953.4017129538,29625.287640794857,39105.37968584922
2022,Ingreso del trabajo,Coquimbo,882830.5577147596,964050.9690245175,37921.63352614511,41410.42381055049
2024,Ingreso del trabajo,Coquimbo,970605.5333214552,970605.5333214552,26391.596848399036,26391.596848399036
2006,Ingreso del trabajo,Valparaíso,345636.9359808374,727565.7502396636,13429.9103398311,28269.961265344475
2009,Ingreso del trabajo,Valparaíso,425555.22393716336,783447.1672683184,26040.8398592575,47941.18618089306
2011,Ingreso del trabajo,Valparaíso,441161.4810328229,761885.8777436855,15367.584812790188,26539.81897168866
2013,Ingreso del trabajo,Valparaíso,574039.0929099272,948312.5814871993,24994.99977757035,41291.7396325462
2015,Ingreso del trabajo,Valparaíso,633530.9565896404,952830.558710821,20207.234914779394,30391.68131182821
2017,Ingreso del trabajo,Valparaíso,717914.0669896374,1028770.8579961515,19731.676289829593,28275.492123325803
2020,Ingreso del trabajo,Valparaíso,664896.0688949972,877662.810941397,22217.42566934918,29327.001883540917
2022,Ingreso del trabajo,Valparaíso,867245.3522630768,947031.9246712814,18589.396466113747,20299.620940996185
2024,Ingreso del trabajo,Valparaíso,1028934.1038324953,1028934.1038324953,22223.12850597015,22223.12850597015
2006,Ingreso del trabajo,Metropolitana,576711.0679388555,1213976.7980112913,19688.551306809473,41444.4005008339
2009,Ingreso del trabajo,Metropolitana,671880.1574874972,1236931.3699344813,19989.768420361743,36801.163661885956
2011,Ingreso del trabajo,Metropolitana,706232.609616534,1219663.716807754,26402.051253878213,45596.34251544765
2013,Ingreso del trabajo,Metropolitana,872568.7359742242,1441483.5518294156,28120.311017765216,46454.753801348124
2015,Ingreso del trabajo,Metropolitana,983646.2217891826,1479403.9175709246,22253.25680094458,33468.89822862064
2017,Ingreso del trabajo,Metropolitana,1101483.6291067733,1578426.0405100102,30728.082682150896,44033.342483522225
2020,Ingreso del trabajo,Metropolitana,1050073.8281648778,1386097.4531776358,26030.860381110295,34360.73570306559
2022,Ingreso del trabajo,Metropolitana,1399862.7022775856,1528650.0708871232,24997.437291558996,27297.201522382442
2024,Ingreso del trabajo,Metropolitana,1640885.5222403125,1640885.5222403125,22940.186400556802,22940.186400556802
2006,Ingreso del trabajo,O'Higgins,347739.7344554575,731992.1410287367,17742.37163033257,37347.69228185005
2009,Ingreso del trabajo,O'Higgins,411568.54708504176,757697.6951835618,29802.770362173276,54866.900236760994
2011,Ingreso del trabajo,O'Higgins,449409.132846923,776129.5724266357,24570.09884744497,42432.56070953747
2013,Ingreso del trabajo,O'Higgins,524576.161110777,866599.8181550038,23598.761940921784,38985.1547264028
2015,Ingreso del trabajo,O'Higgins,599464.1622198003,901594.0999785789,21257.50132444474,31971.281991964886
2017,Ingreso del trabajo,O'Higgins,595527.7964001406,853391.3322414021,17053.639838640098,24437.86588877125
2020,Ingreso del trabajo,O'Higgins,624937.928000115,824918.0649601528,38426.15987210504,50722.5310311787
2022,Ingreso del trabajo,O'Higgins,832125.8691791324,908681.4491436125,18709.274872262853,20430.528160511065
2024,Ingreso del trabajo,O'Higgins,972615.5199383892,972615.5199383892,20144.155280866755,20144.155280866755
2006,Ingreso del trabajo,Maule,304115.26377589034,640162.6302482487,16357.859410269746,34433.29405861782
2009,Ingreso del trabajo,Maule,367261.6092206624,676128.6225752399,34376.633094018674,63287.38152608837
2011,Ingreso del trabajo,Maule,375071.29850665596,647748.1325209963,14908.686018144384,25747.30075333532
2013,Ingreso del trabajo,Maule,453529.7805286881,749231.197433392,21119.15957358377,34888.85161556037
2015,Ingreso del trabajo,Maule,524358.1054126241,788634.5905405853,24690.625699162985,37134.701051541146
2017,Ingreso del trabajo,Maule,578448.4984301478,828916.6982504019,19448.25096746257,27869.343636373855
2020,Ingreso del trabajo,Maule,640414.2584685117,845346.8211784363,80777.57949486384,106626.40493322024
2022,Ingreso del trabajo,Maule,674990.2160191281,737089.3158928881,14274.102443555774,15587.319868362918
2024,Ingreso del trabajo,Maule,770873.8581360033,770873.8581360033,18901.422642536338,18901.422642536338
2017,Ingreso del trabajo,Ñuble,487868.6240650504,699115.7382852169,22707.893778985806,32540.41178528666
2020,Ingreso del trabajo,Ñuble,470428.85817270365,620966.0927879688,28897.391003768316,38144.55612497419
2022,Ingreso del trabajo,Ñuble,597623.7126121236,652605.0941724393,16501.48443932121,18019.621007738773
2024,Ingreso del trabajo,Ñuble,829320.4872095936,829320.4872095936,31343.333204876617,31343.333204876617
2006,Ingreso del trabajo,Biobío,310895.92805636977,654435.9285586593,12200.746465794715,25682.571310497864
2009,Ingreso del trabajo,Biobío,359576.29602891236,661979.9609892279,13781.802643464523,25372.29866661819
2011,Ingreso del trabajo,Biobío,417848.09466815414,721623.6594919021,25362.09391857235,43800.336197374454
2013,Ingreso del trabajo,Biobío,456227.66446582193,753688.1016975377,12710.111468535615,20997.10414602084
2015,Ingreso del trabajo,Biobío,536312.8108606142,806614.4675343639,20502.542101682917,30835.823320931115
2017,Ingreso del trabajo,Biobío,616797.8443833245,883871.3110013043,37393.54696232453,53584.95279701107
2020,Ingreso del trabajo,Biobío,620482.7197751746,819037.1901032304,22100.404662519082,29172.53415452518
2022,Ingreso del trabajo,Biobío,830738.7607951373,907166.72678829,21646.583445164957,23638.06912212014
2024,Ingreso del trabajo,Biobío,1005371.9089529138,1005371.9089529138,20835.846193095007,20835.846193095007
2006,Ingreso del trabajo,La Araucanía,287017.48830776475,604171.8128878447,13713.976169356596,28867.919836495657
2009,Ingreso del trabajo,La Araucanía,308024.8370774054,567073.7250595038,30511.489369565446,56171.65192937002
2011,Ingreso del trabajo,La Araucanía,367269.06203255453,634273.6701302219,24318.8501133519,41998.65414575872
2013,Ingreso del trabajo,La Araucanía,456129.08224640467,753525.2438710614,18245.526041363002,30141.60902033168
2015,Ingreso del trabajo,La Araucanía,506654.9782478002,762009.0872846912,21867.501270582394,32888.721910955894
2017,Ingreso del trabajo,La Araucanía,575394.8286017039,824540.7893862424,25813.019607158974,36990.05709705883
2020,Ingreso del trabajo,La Araucanía,513087.87410085666,677275.9938131311,20567.349314800107,27148.901095536137
2022,Ingreso del trabajo,La Araucanía,660483.0890964222,721247.5332932925,14798.595342648325,16160.066114171965
2024,Ingreso del trabajo,La Araucanía,792078.6251520801,792078.6251520801,21879.46699853062,21879.46699853062
2006,Ingreso del trabajo,Los Ríos,299410.3232260543,630258.7303908444,23292.827329254964,49031.40152808168
2009,Ingreso del trabajo,Los Ríos,298485.68927439174,549512.1539541561,30250.0936717377,55690.422449669066
2011,Ingreso del trabajo,Los Ríos,417767.6694488366,721484.7651381416,41496.494772973965,71664.44647292602
2013,Ingreso del trabajo,Los Ríos,449831.26037991204,743121.242147614,23548.220499946896,38901.66026591228
2015,Ingreso del trabajo,Los Ríos,618544.7832940808,930291.3540742986,50815.200644833225,76426.06176982919
2017,Ingreso del trabajo,Los Ríos,635148.7564856581,910168.1680439474,51607.59958894127,73953.69021095286
2020,Ingreso del trabajo,Los Ríos,585239.3371379148,772515.9250220472,31188.21440776883,41168.44301825486
2022,Ingreso del trabajo,Los Ríos,833734.6972455413,910438.2893921308,26962.32197468373,29442.855596354624
2024,Ingreso del trabajo,Los Ríos,933649.9440414645,933649.9440414645,24077.310898319367,24077.310898319367
2006,Ingreso del trabajo,Los Lagos,373022.0940161647,785211.5079040291,19240.96302329079,40502.22716402709
2009,Ingreso del trabajo,Los Lagos,369559.4583035809,680358.9627368943,21940.042250501818,40391.61778317385
2011,Ingreso del trabajo,Los Lagos,405274.53367516573,699909.1196570107,15188.688991833771,26230.865888896926
2013,Ingreso del trabajo,Los Lagos,520037.8734672669,859102.5669679254,25407.20584936217,41972.70406314628
2015,Ingreso del trabajo,Los Lagos,551094.2440843967,828845.7431029336,17436.7693886462,26224.901160523877
2017,Ingreso del trabajo,Los Lagos,673634.2846814108,965317.929948463,34673.46267891103,49687.0720188795
2020,Ingreso del trabajo,Los Lagos,689178.652913206,909715.8218454324,65723.39323420361,86754.8790691488
2022,Ingreso del trabajo,Los Lagos,831758.6305338949,908280.4245430127,24119.364379324805,26338.345902222707
2024,Ingreso del trabajo,Los Lagos,1000084.313380261,1000084.313380261,24213.448567869254,24213.448567869254
2006,Ingreso del trabajo,Aysén,371579.3537801646,782174.5397072469,18162.899047402214,38232.902494781665
2009,Ingreso del trabajo,Aysén,522047.42970624473,961089.3180891962,71949.51837921335,132459.06333613177
2011,Ingreso del trabajo,Aysén,620256.9537099443,1071183.7590570732,35528.53688231187,61357.78319575262
2013,Ingreso del trabajo,Aysén,673160.9483293451,1112061.8866400775,24274.188855173506,40100.95998874665
2015,Ingreso del trabajo,Aysén,801831.4771113419,1205954.5415754574,35436.34802454955,53296.26742892254
2017,Ingreso del trabajo,Aysén,975865.3626624423,1398415.0646952793,58638.85774627534,84029.48315041255
2020,Ingreso del trabajo,Aysén,877719.6188294666,1158589.8968548947,42134.375003743946,55617.375004942034
2022,Ingreso del trabajo,Aysén,1123530.9785871964,1226895.8286172189,49180.70231088503,53705.32692348646
2024,Ingreso del trabajo,Aysén,1309670.5901598514,1309670.5901598514,57255.33349877658,57255.33349877658
2006,Ingreso del trabajo,Magallanes,504163.9310953692,1061265.0749557521,51841.60623082247,109126.58111588133
2009,Ingreso del trabajo,Magallanes,545414.4311419918,1004107.9677324079,77875.04636364183,143367.96035546466
2011,Ingreso del trabajo,Magallanes,621927.4789194225,1074068.7560938434,45173.66696108103,78014.92284178692
2013,Ingreso del trabajo,Magallanes,730459.0803481308,1206718.4007351128,30978.241756939555,51176.05538246412
2015,Ingreso del trabajo,Magallanes,877524.9676898223,1319797.5514054936,51828.79254108198,77950.50398178726
2017,Ingreso del trabajo,Magallanes,1027627.9885348822,1472590.9075704876,60580.79845553096,86812.28418677587
2020,Ingreso del trabajo,Magallanes,917618.5511780144,1211256.4875549804,54079.29975264012,71384.67567348495
2022,Ingreso del trabajo,Magallanes,1108000.429405604,1209936.468910919,46092.515831664576,50333.02728817773
2024,Ingreso del trabajo,Magallanes,1365575.0456911346,1365575.0456911346,40145.779308355144,40145.779308355144
2006,Ingreso del trabajo,Total,438175.8134185609,922360.0872460698,9002.002265818151,18949.214769547234
2009,Ingreso del trabajo,Total,506891.4354848282,933187.1327275689,9825.079856170676,18087.972015210235
2011,Ingreso del trabajo,Total,553284.1087584402,955521.6558258259,10970.858682304062,18946.672944339112
2013,Ingreso del trabajo,Total,680982.7127391552,1124983.4414450815,12107.159501021119,20001.027495686893
2015,Ingreso del trabajo,Total,763709.3220228531,1148618.8203223692,10633.851609895328,15993.312821282574
2017,Ingreso del trabajo,Total,841159.8235129154,1205382.0270940098,14330.413147172523,20535.482039898205
2020,Ingreso del trabajo,Total,818662.1758042738,1080634.0720616342,13603.428309835701,17956.52536898314
2022,Ingreso del trabajo,Total,1068168.0421068997,1166439.501980732,11706.843695720927,12783.873315727235
2024,Ingreso del trabajo,Total,1259979.8683364852,1259979.8683364852,10611.747309875065,10611.747309875065
2006,Ingreso autónomo,Arica y Parinacota,455760.6129768699,959376.0903163094,110970.85421477344,233593.64812209795
2009,Ingreso autónomo,Arica y Parinacota,565709.2861577119,1041470.7958163468,45930.576275615866,84558.19092340881
2011,Ingreso autónomo,Arica y Parinacota,551181.5541550182,951890.5440257164,28354.20568791621,48967.713223031315
2013,Ingreso autónomo,Arica y Parinacota,616511.5720659554,1018477.1170529583,26815.97783167865,44299.99537793312
2015,Ingreso autónomo,Arica y Parinacota,737577.7668366499,1109316.9613223192,51244.92149237765,77072.36192453597
2017,Ingreso autónomo,Arica y Parinacota,731261.9371930499,1047898.3559976408,33414.0391965274,47882.318168623766
2020,Ingreso autónomo,Arica y Parinacota,770424.089252986,1016959.797813943,28056.199485450223,37034.18332079428
2022,Ingreso autónomo,Arica y Parinacota,1055232.1691851954,1152313.528750233,37135.38584243465,40551.84133993863
2024,Ingreso autónomo,Arica y Parinacota,1200748.1784262334,1200748.1784262334,30444.15885116717,30444.158851167173
2006,Ingreso autónomo,Tarapacá,436704.87608896877,919263.7641672791,18955.93654309818,39902.24642322168
2009,Ingreso autónomo,Tarapacá,497422.7384371633,915755.2614628172,52852.34304648389,97301.1635485768
2011,Ingreso autónomo,Tarapacá,652993.2789877394,1127719.3928118227,27625.3675954809,47709.00983739558
2013,Ingreso autónomo,Tarapacá,885201.4541915735,1462352.8023244792,47076.40981149618,77770.22900859169
2015,Ingreso autónomo,Tarapacá,1116924.3055285166,1679854.15551489,188825.4198419956,283993.43144236115
2017,Ingreso autónomo,Tarapacá,926296.3028645756,1327382.602004937,35460.32236397098,50814.64194757042
2020,Ingreso autónomo,Tarapacá,985091.9831354052,1300321.4177387345,58873.90099011423,77713.54930695078
2022,Ingreso autónomo,Tarapacá,1121190.004046888,1224339.4844192015,29550.94197302458,32269.628634542856
2024,Ingreso autónomo,Tarapacá,1430925.819927388,1430925.819927388,36937.279003869786,36937.279003869786
2006,Ingreso autónomo,Antofagasta,627309.78506198,1320487.097555468,33900.111296859846,71359.73427988998
2009,Ingreso autónomo,Antofagasta,731010.2654187282,1345789.8986358782,63907.080143176565,117652.93454358805
2011,Ingreso autónomo,Antofagasta,899137.0611115812,1552809.7045397013,46349.102804549584,80044.90054345712
2013,Ingreso autónomo,Antofagasta,1078486.5436251606,1781659.7700687652,58389.51174984788,96459.47341074873
2015,Ingreso autónomo,Antofagasta,1093610.8576717172,1644790.7299382612,54095.65961389326,81359.87205929549
2017,Ingreso autónomo,Antofagasta,1160035.7898286341,1662331.2868244345,66547.18226350693,95362.1121836054
2020,Ingreso autónomo,Antofagasta,1118689.576790751,1476670.2413637913,64019.37324469775,84505.57268300104
2022,Ingreso autónomo,Antofagasta,1355477.3507834335,1480181.2670555096,43396.561828361766,47389.04551657106
2024,Ingreso autónomo,Antofagasta,1640395.9280453066,1640395.9280453066,39531.29465690902,39531.29465690902
2006,Ingreso autónomo,Atacama,543208.7349235491,1143454.387014073,34347.3081974937,72301.08375572429
2009,Ingreso autónomo,Atacama,544603.419639921,1002614.8955570956,37040.85931976859,68192.22200769398
2011,Ingreso autónomo,Atacama,632576.0414207585,1092458.8235336498,24924.772691409882,43045.08243806487
2013,Ingreso autónomo,Atacama,802295.0847485535,1325391.4800046093,42760.20872354487,70639.86481129608
2015,Ingreso autónomo,Atacama,880377.0190781737,1324087.0366935732,22962.6014900611,34535.75264105189
2017,Ingreso autónomo,Atacama,881553.69554757,1263266.445719668,47678.34911906275,68323.07428761692
2020,Ingreso autónomo,Atacama,914925.1914469503,1207701.2527099745,45592.17116627272,60181.66593947997
2022,Ingreso autónomo,Atacama,1049217.5534119925,1145745.568325896,36143.23932645403,39468.4173444878
2024,Ingreso autónomo,Atacama,1279467.8276326982,1279467.8276326982,30080.005812160565,30080.005812160565
2006,Ingreso autónomo,Coquimbo,380949.84389653086,801899.421402198,35095.18664539109,73875.36788854822
2009,Ingreso autónomo,Coquimbo,414491.5642316881,763078.9697505375,20444.55281849274,37638.421738845165
2011,Ingreso autónomo,Coquimbo,486381.4406698426,839980.7480368187,18605.49190089177,32131.684512840082
2013,Ingreso autónomo,Coquimbo,654851.326498475,1081814.3913754814,23850.298151716244,39400.69254663524
2015,Ingreso autónomo,Coquimbo,712294.2466092955,1071290.5469003785,22265.799271027514,33487.762103625355
2017,Ingreso autónomo,Coquimbo,662681.3472615607,949622.370625817,60347.25211565029,86477.61228172685
2020,Ingreso autónomo,Coquimbo,733266.0386039512,967911.1709572156,33879.852009241775,44721.40465219915
2022,Ingreso autónomo,Coquimbo,1008078.5587195763,1100821.7861217775,39481.91768902153,43114.25411641151
2024,Ingreso autónomo,Coquimbo,1111283.903245975,1111283.903245975,27240.407569573712,27240.407569573712
2006,Ingreso autónomo,Valparaíso,414982.74249048915,873538.6729424802,14720.063557933983,30985.733789451027
2009,Ingreso autónomo,Valparaíso,506232.8102081683,931974.603593238,28541.516088636374,52544.93111917959
2011,Ingreso autónomo,Valparaíso,533850.9624906908,921960.6122214238,17334.178831694608,29936.126842336587
2013,Ingreso autónomo,Valparaíso,686247.786753621,1133681.3437169795,28039.925237861866,46321.95649294782
2015,Ingreso autónomo,Valparaíso,769980.9296739852,1158051.318229677,22719.773153959413,34170.53882355495
2017,Ingreso autónomo,Valparaíso,874306.2451431,1252880.8492900643,22875.747451546085,32780.94609806556
2020,Ingreso autónomo,Valparaíso,831657.8940722009,1097788.420175304,26468.364822761818,34938.24156604559
2022,Ingreso autónomo,Valparaíso,1041993.6470996359,1137857.0626328036,20433.727665024315,22313.63061020654
2024,Ingreso autónomo,Valparaíso,1236410.2637148271,1236410.2637148271,25450.13080823848,25450.13080823848
2006,Ingreso autónomo,Metropolitana,647364.8792967516,1362703.0709196627,20484.225058288604,43119.29374769752
2009,Ingreso autónomo,Metropolitana,770317.9114442305,1418155.2749688271,24292.218524111137,44721.97430288868
2011,Ingreso autónomo,Metropolitana,803436.5619012536,1387534.9424034653,29541.77297652907,51018.641930465725
2013,Ingreso autónomo,Metropolitana,984683.0082216923,1626696.3295822323,29753.20435769657,49152.293598914715
2015,Ingreso autónomo,Metropolitana,1121339.0011395076,1686493.8577138123,24122.72088788441,36280.572215378146
2017,Ingreso autónomo,Metropolitana,1252706.422772129,1795128.3038324616,33860.316515852646,48521.83356721683
2020,Ingreso autónomo,Metropolitana,1239652.44011664,1636341.2209539628,29343.96912845831,38734.03924956496
2022,Ingreso autónomo,Metropolitana,1609252.5701218673,1757303.8065730815,26632.63640104826,29082.83894994468
2024,Ingreso autónomo,Metropolitana,1882235.7587519118,1882235.7587519118,25062.387517506086,25062.387517506082
2006,Ingreso autónomo,O'Higgins,405099.1966912239,852733.8090350273,19154.572759852996,40320.37565949055
2009,Ingreso autónomo,O'Higgins,471676.6103726674,868356.6396960798,31160.82030156218,57367.070175176006
2011,Ingreso autónomo,O'Higgins,526216.382758014,908775.6930230896,25794.01778542429,44546.268715427774
2013,Ingreso autónomo,O'Higgins,608142.4380053289,1004651.3075848039,26729.776963570202,44157.591543817995
2015,Ingreso autónomo,O'Higgins,700339.2739330212,1053310.2679952623,23625.69289913109,35533.04212029314
2017,Ingreso autónomo,O'Higgins,701794.041267304,1005670.8611360468,18236.55418726457,26132.982150350126
2020,Ingreso autónomo,O'Higgins,756846.4089349844,999037.2597941804,42551.66552253433,56168.19848974532
2022,Ingreso autónomo,O'Higgins,979061.1744296295,1069134.8024771556,21373.38566984868,23339.737151474783
2024,Ingreso autónomo,O'Higgins,1132311.690873225,1132311.690873225,21340.8195927499,21340.8195927499
2006,Ingreso autónomo,Maule,348322.4621442408,733218.7828136282,16727.736595346978,35211.8855332054
2009,Ingreso autónomo,Maule,414862.98426540097,763762.7540326039,34510.67731383714,63534.156934774146
2011,Ingreso autónomo,Maule,425577.6222510484,734972.5536275613,15604.394384209123,26948.789101529135
2013,Ingreso autónomo,Maule,529783.9680660771,875203.11524516,24440.4398239213,40375.606589118004
2015,Ingreso autónomo,Maule,607734.9096138667,914033.3040592545,26918.951228988433,40486.1026483986
2017,Ingreso autónomo,Maule,664859.1398980357,952743.1474738852,21590.19787480687,30938.753554598246
2020,Ingreso autónomo,Maule,754263.3096204104,995627.5686989418,81191.4936293886,107172.77159079298
2022,Ingreso autónomo,Maule,783693.3663261276,855793.156028133,15308.27951662159,16716.64123215076
2024,Ingreso autónomo,Maule,893886.0086161429,893886.0086161429,21036.629588032258,21036.629588032258
2017,Ingreso autónomo,Ñuble,588985.9653822008,844016.8883926936,27576.765211983962,39517.504548773024
2020,Ingreso autónomo,Ñuble,587795.6056994876,775890.1995233226,32007.98914368579,42250.545669665255
2022,Ingreso autónomo,Ñuble,727452.9462220499,794378.6172744777,18274.695081144153,19955.96702860943
2024,Ingreso autónomo,Ñuble,968349.8316634313,968349.8316634313,33551.967822615436,33551.96782261544
2006,Ingreso autónomo,Biobío,370121.455080591,779105.6629446438,13562.22352397009,28548.480517957025
2009,Ingreso autónomo,Biobío,425214.46976312384,782819.8388339109,15763.208975164265,29020.067723277418
2011,Ingreso autónomo,Biobío,490629.05046803196,847316.3701582911,29483.985525729888,50918.8430029355
2013,Ingreso autónomo,Biobío,538349.7207525863,889353.7386832705,13402.65464232824,22141.18546912626
2015,Ingreso autónomo,Biobío,635213.2439742704,955360.7189373032,22531.821760611645,33887.85992795992
2017,Ingreso autónomo,Biobío,734945.2241483536,1053176.5062045911,42110.26171687843,60344.005040286815
2020,Ingreso autónomo,Biobío,756916.1710606861,999129.3458001062,23577.54284625509,31122.35655705671
2022,Ingreso autónomo,Biobío,977686.8867773042,1067634.0803608168,22144.74506075049,24182.061606339536
2024,Ingreso autónomo,Biobío,1190035.8046448878,1190035.8046448878,24292.272217306105,24292.272217306097
2006,Ingreso autónomo,La Araucanía,331922.14280613646,698696.110606918,15359.866160853058,32332.51826859569
2009,Ingreso autónomo,La Araucanía,347183.04949125974,639163.9941134101,32187.335885922108,59256.88536598258
2011,Ingreso autónomo,La Araucanía,424345.34240965813,732844.4063414803,26653.799349395875,46031.11147640666
2013,Ingreso autónomo,La Araucanía,518792.1876486547,857044.6939955783,19909.392028159,32890.31563051866
2015,Ingreso autónomo,La Araucanía,588699.5589601638,885404.1366760851,27208.650311577974,40921.81006861328
2017,Ingreso autónomo,La Araucanía,654685.4265440187,938164.2162375795,30022.66040540542,43022.47236094594
2020,Ingreso autónomo,La Araucanía,638912.6808103515,843364.7386696641,25871.578098241025,34150.48308967815
2022,Ingreso autónomo,La Araucanía,768994.4818437162,839741.9741733373,15467.539911444292,16890.553583297176
2024,Ingreso autónomo,La Araucanía,908238.1071478922,908238.1071478922,22395.553197839457,22395.553197839457
2006,Ingreso autónomo,Los Ríos,347560.76375959255,731615.4077139419,23646.023942774198,49774.88039953968
2009,Ingreso autónomo,Los Ríos,353665.314091832,651097.8432430626,33901.68539534989,62413.002812839186
2011,Ingreso autónomo,Los Ríos,481370.0753518754,831326.1201326891,44015.38907397321,76014.57693075167
2013,Ingreso autónomo,Los Ríos,533319.0236840834,881043.0271261046,26209.403192405323,43297.93407385361
2015,Ingreso autónomo,Los Ríos,725609.7712199717,1091317.0959148402,53452.831753546285,80393.05895733357
2017,Ingreso autónomo,Los Ríos,732343.475898579,1049448.200962663,54668.21060298908,78339.5457940833
2020,Ingreso autónomo,Los Ríos,720063.0622297211,950483.2421432321,34592.52209869385,45662.12917027587
2022,Ingreso autónomo,Los Ríos,976858.7109470349,1066729.7123541608,29218.894368748992,31907.0326506739
2024,Ingreso autónomo,Los Ríos,1089771.97823908,1089771.97823908,26491.178529081248,26491.178529081248
2006,Ingreso autónomo,Los Lagos,413138.2025298104,869655.9163252529,19286.735411305104,40598.57804079726
2009,Ingreso autónomo,Los Lagos,426292.3032555192,784804.1302934149,27351.39079781471,50353.91045877692
2011,Ingreso autónomo,Los Lagos,458233.5642397901,791369.3654421159,16145.804274421815,27883.8039819265
2013,Ingreso autónomo,Los Lagos,592374.4630380447,978602.6129388484,27717.39185982022,45789.13135242305
2015,Ingreso autónomo,Los Lagos,621430.5577251461,934631.5588186198,18858.31118086362,28362.900016018895
2017,Ingreso autónomo,Los Lagos,756647.6387014156,1084276.0662591297,38234.39448672046,54789.88729947042
2020,Ingreso autónomo,Los Lagos,806974.0231314201,1065205.7105334727,68137.75005956061,89941.83007862006
2022,Ingreso autónomo,Los Lagos,953996.1130550668,1041763.7554561325,25745.203087010854,28113.761771015874
2024,Ingreso autónomo,Los Lagos,1148900.324177344,1148900.324177344,25962.503127845288,25962.503127845284
2006,Ingreso autónomo,Aysén,414566.30534244666,872662.0727458502,20309.505513244116,42751.50910537887
2009,Ingreso autónomo,Aysén,559842.7929122625,1030670.5817514751,76817.74617623299,141421.47071044496
2011,Ingreso autónomo,Aysén,691047.7054714785,1193439.3873492426,40458.70312643156,69872.18029934732
2013,Ingreso autónomo,Aysén,757259.1665928093,1250992.1432113193,26692.030994784614,44095.23520338419
2015,Ingreso autónomo,Aysén,881861.522720256,1326319.7301712653,38229.96945105154,57497.8740543815
2017,Ingreso autónomo,Aysén,1078858.1572870798,1546003.7393923851,64776.2845054319,92824.41569628393
2020,Ingreso autónomo,Aysén,1004430.557999951,1325848.336559934,44415.82864115008,58628.89380631811
2022,Ingreso autónomo,Aysén,1269520.8342163356,1386316.7509642395,53429.47917213088,58344.99125596693
2024,Ingreso autónomo,Aysén,1477882.0319023684,1477882.0319023684,63942.72034941111,63942.72034941111
2006,Ingreso autónomo,Magallanes,580607.7194627204,1222179.2494690274,60602.84855188786,127568.99620172396
2009,Ingreso autónomo,Magallanes,624450.5256646278,1149613.417748581,80673.0495423902,148519.08420754047
2011,Ingreso autónomo,Magallanes,720981.4754354914,1245135.0080770946,50790.49223001303,87715.18008123245
2013,Ingreso autónomo,Magallanes,830371.1504884877,1371773.140606982,31092.494339036883,51364.80064808891
2015,Ingreso autónomo,Magallanes,1023066.101930108,1538691.417302883,56949.51663572175,85652.0730201255
2017,Ingreso autónomo,Magallanes,1148327.9310750016,1645553.9252304782,66780.90342861583,95697.03461320649
2020,Ingreso autónomo,Magallanes,1127453.328878699,1488238.3941198853,64377.64970844204,84978.49761514348
2022,Ingreso autónomo,Magallanes,1288451.4196783404,1406988.9502887465,51601.34070356689,56348.66404829503
2024,Ingreso autónomo,Magallanes,1607808.4647469262,1607808.4647469262,47374.28999372398,47374.289993723985
2006,Ingreso autónomo,Total,501639.4652471296,1055951.074345207,9488.229553316543,19972.723209731306
2009,Ingreso autónomo,Total,583376.5485074798,1073996.225802271,11565.25563794583,21291.635629458262
2011,Ingreso autónomo,Total,634965.4860161863,1096585.3943499515,12223.262432622918,21109.57422113978
2013,Ingreso autónomo,Total,776992.7921706379,1283592.0926658963,12893.971936182992,21300.841638574297
2015,Ingreso autónomo,Total,881094.1531323703,1325165.6063110782,11543.452810992345,17361.3530277325
2017,Ingreso autónomo,Total,966961.0871357921,1385655.2378655914,15627.298449055788,22393.918677496946
2020,Ingreso autónomo,Total,978534.4039926929,1291665.413270354,14913.155383347597,19685.365106018824
2022,Ingreso autónomo,Total,1236533.9186818467,1350295.0392005718,12458.335828818832,13604.502725070135
2024,Ingreso autónomo,Total,1456693.6215942472,1456693.6215942472,11596.78654700489,11596.78654700489
2006,Subsidios monetarios,Arica y Parinacota,7637.779413237208,16077.525664864363,1432.1205577293033,3014.613774020184
2009,Subsidios monetarios,Arica y Parinacota,15200.948765797059,27984.94667783237,3211.7247707963143,5912.785303036015
2011,Subsidios monetarios,Arica y Parinacota,15921.516961760426,27496.459792960264,988.9826087214536,1707.9729652619508
2013,Subsidios monetarios,Arica y Parinacota,17751.307528165336,29325.160036529116,989.2321731718711,1634.2115500799307
2015,Subsidios monetarios,Arica y Parinacota,24095.530460727907,36239.67781293484,2217.184659644511,3334.6457281053436
2017,Subsidios monetarios,Arica y Parinacota,27622.19192152337,39582.60102354299,1566.463937331245,2244.742822195674
2020,Subsidios monetarios,Arica y Parinacota,52604.52126154717,69437.9680652422,2295.576847078774,3030.1614381439813
2022,Subsidios monetarios,Arica y Parinacota,63063.95807831069,68865.84222151528,2311.9076128932675,2524.6031132794496
2024,Subsidios monetarios,Arica y Parinacota,79801.14172054284,79801.14172054284,3117.165545751578,3117.165545751578
2006,Subsidios monetarios,Tarapacá,3865.5575383861483,8136.998618302815,567.1154116123297,1193.7779414439535
2009,Subsidios monetarios,Tarapacá,15279.62446289372,28129.78863618732,2236.660902669197,4117.69272181399
2011,Subsidios monetarios,Tarapacá,13767.96660022951,23777.2783185964,584.0801556321102,1008.7064287766544
2013,Subsidios monetarios,Tarapacá,16408.437833401724,27106.739300779653,980.5438234070924,1619.8583962685166
2015,Subsidios monetarios,Tarapacá,15334.300219860905,23062.787530670783,1418.238957851615,2133.031392608829
2017,Subsidios monetarios,Tarapacá,22613.382938678176,32404.97775112579,1034.415419039672,1482.31729548385
2020,Subsidios monetarios,Tarapacá,40042.79742466587,52856.49260055896,1998.2028858416575,2637.627809310988
2022,Subsidios monetarios,Tarapacá,54748.79190312277,59785.68075821007,2319.6223325933147,2533.0275871918993
2024,Subsidios monetarios,Tarapacá,68934.47687908055,68934.47687908055,2549.2419046559476,2549.2419046559476
2006,Subsidios monetarios,Antofagasta,5391.19065933224,11348.456337894375,710.1831065374861,1494.9354392614084
2009,Subsidios monetarios,Antofagasta,14887.54194122073,27407.96471378733,1657.3491853127018,3051.179850160682
2011,Subsidios monetarios,Antofagasta,12275.872550232041,21200.431894250734,1999.9293320136476,3453.8779563875682
2013,Subsidios monetarios,Antofagasta,11383.234237420653,18805.102960218905,892.0475063394847,1473.6624804728283
2015,Subsidios monetarios,Antofagasta,11325.45724216871,17033.487692221745,1275.063867475869,1917.6960566837074
2017,Subsidios monetarios,Antofagasta,18056.70767567354,25875.26209924016,1040.0684305737318,1490.4180610121582
2020,Subsidios monetarios,Antofagasta,42295.4421916304,55829.9836929521,8218.82645927824,10848.850926247282
2022,Subsidios monetarios,Antofagasta,39689.36190986729,43340.78320557509,1642.0210032632428,1793.086935563461
2024,Subsidios monetarios,Antofagasta,55964.285780998594,55964.285780998594,2115.9922599160896,2115.9922599160896
2006,Subsidios monetarios,Atacama,7540.970694995305,15873.743312965122,779.9200621928279,1641.731730915903
2009,Subsidios monetarios,Atacama,15909.013098761372,29288.493114819667,1299.6003377382149,2392.564221776055
2011,Subsidios monetarios,Atacama,15721.850243404051,27151.635370358832,669.9681674770296,1157.0350252328296
2013,Subsidios monetarios,Atacama,19973.16129980712,32995.66246728141,1272.9109938899246,2102.848961906155
2015,Subsidios monetarios,Atacama,27791.08716670193,41797.79509871965,1223.452330223758,1840.0723046565315
2017,Subsidios monetarios,Atacama,24607.735086048917,35262.884378308125,1437.967122090627,2060.6068859558695
2020,Subsidios monetarios,Atacama,51765.21186179535,68330.07965756985,2240.9990554916935,2958.1187532490353
2022,Subsidios monetarios,Atacama,61284.6378885269,66922.82457427145,2205.003912136074,2407.864272052594
2024,Subsidios monetarios,Atacama,76407.5922598042,76407.5922598042,2588.014848686434,2588.014848686434
2006,Subsidios monetarios,Coquimbo,9520.065432419182,20039.73773524241,598.4733155740566,1259.7863292833888
2009,Subsidios monetarios,Coquimbo,17815.765298333616,32798.82391423216,1006.0099836306966,1852.0643798641122
2011,Subsidios monetarios,Coquimbo,18731.131392939446,32348.663915606397,1311.0843943863335,2264.2427491051967
2013,Subsidios monetarios,Coquimbo,23907.93389017744,39495.906786573076,2143.239870849517,3540.632266643403
2015,Subsidios monetarios,Coquimbo,26392.75726731629,39694.70693004372,893.0175881247005,1343.0984525395493
2017,Subsidios monetarios,Coquimbo,32512.67488802944,46590.66311454627,1256.9075119969036,1801.1484646915635
2020,Subsidios monetarios,Coquimbo,55052.29568708856,72669.03030695695,2382.36718634784,3144.724685979149
2022,Subsidios monetarios,Coquimbo,76768.25430476251,83830.93370080071,2702.1105315691543,2950.7047004735155
2024,Subsidios monetarios,Coquimbo,95177.16667206582,95177.16667206582,2793.6744938067445,2793.6744938067445
2006,Subsidios monetarios,Valparaíso,6384.6349609269155,13439.656592751167,293.1026266141314,616.9810290227458
2009,Subsidios monetarios,Valparaíso,17297.182383126783,31844.11276733642,690.9357331850389,1272.0126847936565
2011,Subsidios monetarios,Valparaíso,13968.098348863821,24122.90584848785,885.0750919349061,1528.524683771583
2013,Subsidios monetarios,Valparaíso,18955.362111840623,31314.258208760653,855.2549834748183,1412.8812327003984
2015,Subsidios monetarios,Valparaíso,23421.096248648006,35225.32875796664,729.7944875218005,1097.6109092327877
2017,Subsidios monetarios,Valparaíso,28273.594523082116,40516.06095157669,941.6864875787861,1349.436736700401
2020,Subsidios monetarios,Valparaíso,50950.80568664101,67255.06350636612,1424.4365900524558,1880.256298869242
2022,Subsidios monetarios,Valparaíso,76159.72808317801,83166.42306683052,1606.0625086669638,1753.820259464328
2024,Subsidios monetarios,Valparaíso,92121.0702995189,92121.0702995189,1904.7845611963112,1904.7845611963114
2006,Subsidios monetarios,Metropolitana,4278.758257938928,9006.786132961464,162.4356636223008,341.9270719249433
2009,Subsidios monetarios,Metropolitana,11931.075279180011,21965.109588970507,384.6070802477862,708.0616347361737
2011,Subsidios monetarios,Metropolitana,11207.849112141666,19355.955416668683,635.6726072253693,1097.8065926782137
2013,Subsidios monetarios,Metropolitana,14644.13949423181,24192.11844447096,571.4342783995264,944.0094279160181
2015,Subsidios monetarios,Metropolitana,19572.282448922,29436.712803178692,520.4168646469267,782.7069644289786
2017,Subsidios monetarios,Metropolitana,21437.753823898638,30720.30122964674,668.6693679872419,958.2032043257174
2020,Subsidios monetarios,Metropolitana,39334.9258913692,51922.10217660729,1174.269328950345,1550.0355142144558
2022,Subsidios monetarios,Metropolitana,56000.41011071718,61152.44784090298,1001.3443406727525,1093.4680200146452
2024,Subsidios monetarios,Metropolitana,72751.25972002043,72751.25972002043,1169.27790193042,1169.2779019304198
2006,Subsidios monetarios,O'Higgins,7848.515907742829,16521.12598579868,357.3257323016455,752.170666494964
2009,Subsidios monetarios,O'Higgins,18179.029121824715,33467.592613279296,830.2906512777794,1528.5650890023924
2011,Subsidios monetarios,O'Higgins,14481.772389163207,25010.020916084897,937.003011190527,1618.2042003260424
2013,Subsidios monetarios,O'Higgins,21218.43707472763,35052.85804744992,1036.5345327883767,1712.3550481663945
2015,Subsidios monetarios,O'Higgins,24815.017348713885,37321.786092465874,902.0134098474481,1356.6281684105634
2017,Subsidios monetarios,O'Higgins,29377.572575849612,42098.06150119246,1087.069100993157,1557.7700217231934
2020,Subsidios monetarios,O'Higgins,55222.654144281325,72893.90347045127,1980.3134799959373,2614.013793594632
2022,Subsidios monetarios,O'Higgins,78317.93387169304,85523.18378788885,1739.1825514384018,1899.187346170735
2024,Subsidios monetarios,O'Higgins,98687.04145217732,98687.04145217732,2186.9853837891264,2186.985383789127
2006,Subsidios monetarios,Maule,9207.392866189837,19381.561983329564,379.7232221227984,799.3173825684901
2009,Subsidios monetarios,Maule,22152.196575450147,40782.19389540372,1147.9508081944412,2113.3774378859657
2011,Subsidios monetarios,Maule,22153.065981197284,38258.34494952758,808.5035232432408,1396.2855846410766
2013,Subsidios monetarios,Maule,26270.16003684114,43398.30438086143,1129.5312408207208,1865.9856098358273
2015,Subsidios monetarios,Maule,30891.891069740454,46461.40416888977,837.8009299146611,1260.0525985916515
2017,Subsidios monetarios,Maule,38014.146387680186,54474.27177354573,1180.77155690804,1692.0456410492222
2020,Subsidios monetarios,Maule,63967.717995477426,84437.38775403018,1795.2694056891655,2369.7556155096972
2022,Subsidios monetarios,Maule,78877.61200745119,86134.35231213694,1823.0480504413804,1990.7684710819888
2024,Subsidios monetarios,Maule,95727.61257593118,95727.61257593118,2007.6076439732285,2007.6076439732285
2017,Subsidios monetarios,Ñuble,44000.28279573107,63052.40524628251,1567.005314855559,2245.5186161880156
2020,Subsidios monetarios,Ñuble,71983.12249628463,95017.72169509556,2778.3142004525644,3667.3747445973836
2022,Subsidios monetarios,Ñuble,88883.51322217914,97060.79643861964,2217.5270777172886,2421.53956886728
2024,Subsidios monetarios,Ñuble,109484.54192497965,109484.54192497965,2752.8621136921074,2752.8621136921074
2006,Subsidios monetarios,Biobío,10141.293348646592,21347.4224989011,299.1253323920741,629.6588246853162
2009,Subsidios monetarios,Biobío,23672.276224081306,43580.66052853371,671.3524980563433,1235.959948921728
2011,Subsidios monetarios,Biobío,21027.633945653437,36314.7238241435,996.7414279630287,1721.372446092151
2013,Subsidios monetarios,Biobío,28444.215615410405,46989.84419665796,791.519695534018,1307.5905370221974
2015,Subsidios monetarios,Biobío,30580.767333128977,45993.474069026015,982.3038275299233,1477.3849566050048
2017,Subsidios monetarios,Biobío,31673.6055953992,45388.27681820706,1226.3391936403757,1757.3440644866585
2020,Subsidios monetarios,Biobío,57372.927662149756,75732.26451403777,1577.5159994234184,2082.3211192389117
2022,Subsidios monetarios,Biobío,85139.0818748292,92971.87740731346,1601.3009230203163,1748.6206079381875
2024,Subsidios monetarios,Biobío,98980.98079141871,98980.98079141871,1712.884045964031,1712.884045964031
2006,Subsidios monetarios,La Araucanía,12782.100576764626,26906.32171408954,483.5628377088064,1017.8997733770374
2009,Subsidios monetarios,La Araucanía,30005.952168801206,55240.95794276308,907.155006523217,1670.0723670092432
2011,Subsidios monetarios,La Araucanía,28028.461400276534,48405.15283827757,1716.762953196508,2964.849620170368
2013,Subsidios monetarios,La Araucanía,33729.046559239425,55720.38491586324,1106.5993393829463,1828.1021086606231
2015,Subsidios monetarios,La Araucanía,39431.939350492205,59305.636783140246,1155.6070187166713,1738.0329561498731
2017,Subsidios monetarios,La Araucanía,43051.48051297223,61692.77157508925,1324.5307220721565,1898.052524729401
2020,Subsidios monetarios,La Araucanía,73543.86215043097,97077.89803856885,1924.832333201758,2540.778679826321
2022,Subsidios monetarios,La Araucanía,88180.8322740238,96293.46884323414,1825.605334896417,1993.561025706888
2024,Subsidios monetarios,La Araucanía,103420.72064790012,103420.72064790012,1999.176195284275,1999.1761952842753
2006,Subsidios monetarios,Los Ríos,10113.696801331875,21289.33176680361,618.9598963717549,1302.9105818625444
2009,Subsidios monetarios,Los Ríos,26065.245146582125,47986.11631485769,2621.2002528347152,4825.629665468712
2011,Subsidios monetarios,Los Ríos,22078.975133276308,38130.390055168195,1185.5505464184503,2047.4457936646643
2013,Subsidios monetarios,Los Ríos,28409.77694265874,46932.9515092722,1137.4081731709362,1878.9983020783864
2015,Subsidios monetarios,Los Ríos,33040.66248337896,49693.15637500205,1412.0540318691112,2123.7292639311445
2017,Subsidios monetarios,Los Ríos,36743.20869322931,52653.018057397625,1862.7534362328504,2669.325674121674
2020,Subsidios monetarios,Los Ríos,66681.47080633498,88019.54146436219,2278.1358239590772,3007.1392876259824
2022,Subsidios monetarios,Los Ríos,95670.785738849,104472.49802682338,2208.9326470488522,2412.1544505773477
2024,Subsidios monetarios,Los Ríos,100213.16823169445,100213.16823169445,2755.954824422687,2755.954824422687
2006,Subsidios monetarios,Los Lagos,12274.517392446813,25837.859111100654,544.534252443893,1146.244601394395
2009,Subsidios monetarios,Los Lagos,28793.376605049118,53008.606329895425,1268.883916447016,2336.0152901789575
2011,Subsidios monetarios,Los Lagos,25980.05897009634,44867.56184135643,802.4324865542796,1385.8009042792419
2013,Subsidios monetarios,Los Lagos,31255.34990878508,51633.83804931286,1299.0168015009722,2145.9757560796033
2015,Subsidios monetarios,Los Lagos,32748.101998131748,49253.14540519042,1078.4798711125136,1622.0337261532225
2017,Subsidios monetarios,Los Lagos,39230.236067559614,56216.92828481302,1571.8862540121422,2252.5130019993994
2020,Subsidios monetarios,Los Lagos,60574.90689355917,79958.8770994981,2428.307664113095,3205.3661166292864
2022,Subsidios monetarios,Los Lagos,82624.33304158751,90225.77168141362,2106.1383350450374,2299.90306186918
2024,Subsidios monetarios,Los Lagos,98472.02629968159,98472.02629968159,2454.352375591188,2454.352375591188
2006,Subsidios monetarios,Aysén,9752.756590877389,20529.55262379687,816.1007382886592,1717.8920540976274
2009,Subsidios monetarios,Aysén,18894.86398417742,34785.44459487061,1863.2086903743627,3430.167198979201
2011,Subsidios monetarios,Aysén,19576.64668218859,33808.868820139665,1329.3902539814876,2295.8569686260284
2013,Subsidios monetarios,Aysén,29508.725634435286,48748.41474808712,1307.500356521837,2159.990588974074
2015,Subsidios monetarios,Aysén,36515.43213207201,54919.209926636235,2155.795056583529,3242.315765101628
2017,Subsidios monetarios,Aysén,37466.206717860594,53689.07422669431,1890.2651212267674,2708.7499187179587
2020,Subsidios monetarios,Aysén,46088.477351233494,60836.79010362814,2065.348649527797,2726.2602173766936
2022,Subsidios monetarios,Aysén,63730.63924454256,69593.85805504041,2512.6669174829353,2743.832273891366
2024,Subsidios monetarios,Aysén,76604.77557397092,76604.77557397092,3131.210637242055,3131.2106372420553
2006,Subsidios monetarios,Magallanes,4477.005549366238,9424.09668141592,970.0458967240974,2041.9466126042253
2009,Subsidios monetarios,Magallanes,11737.923174376943,21609.516564027967,1362.6441692369547,2508.627915565232
2011,Subsidios monetarios,Magallanes,14280.73153237075,24662.82335640431,1813.691045009152,3132.244434730805
2013,Subsidios monetarios,Magallanes,12778.995543621093,21110.90063806202,694.49106385462,1147.299237487832
2015,Subsidios monetarios,Magallanes,15160.263520852819,22801.036335362594,1229.4136909894446,1849.0381912481234
2017,Subsidios monetarios,Magallanes,23614.311035385752,33839.30771370776,1486.7509672579376,2130.5141360806247
2020,Subsidios monetarios,Magallanes,40236.66223717156,53112.39415306649,1986.7053905773248,2622.451115562069
2022,Subsidios monetarios,Magallanes,48771.496592588344,53258.47427910648,2662.2916516491787,2907.2224836009036
2024,Subsidios monetarios,Magallanes,62615.415778071634,62615.415778071634,2990.7916911698762,2990.7916911698762
2006,Subsidios monetarios,Total,7071.323665415213,14885.136315698985,107.24085043298987,225.74199016144345
2009,Subsidios monetarios,Total,17580.695459726136,32366.060341356035,245.31990778843803,451.633950238515
2011,Subsidios monetarios,Total,15995.530759564635,27624.28162176809,369.1548199531183,637.5303740590351
2013,Subsidios monetarios,Total,20414.873762174866,33725.37145511298,321.8151333968769,531.6386003716411
2015,Subsidios monetarios,Total,24484.253080147682,36824.31663254194,297.6236724466949,447.6260033598285
2017,Subsidios monetarios,Total,28132.1547730796,40313.37778982298,375.92765003682086,538.7043225027638
2020,Subsidios monetarios,Total,49778.4266713447,65707.52320617497,694.8190812508315,917.1611872510973
2022,Subsidios monetarios,Total,68237.03201372146,74514.8389589834,547.3334510483958,597.6881285448477
2024,Subsidios monetarios,Total,84572.63449342037,84572.63449342037,625.1100717918805,625.1100717918804
2006,Ingreso monetario,Arica y Parinacota,463398.39239010715,975453.6159811735,110830.21599315715,233297.60466559578
2009,Ingreso monetario,Arica y Parinacota,580910.234923509,1069455.7424941803,44760.51594299069,82404.10985104587
2011,Ingreso monetario,Arica y Parinacota,567103.0711167787,979387.0038186756,28236.61168415331,48764.62837853275
2013,Ingreso monetario,Arica y Parinacota,634262.8795941207,1047802.2770894908,26408.350545548194,43626.595101245584
2015,Ingreso monetario,Arica y Parinacota,761673.2972973777,1145556.639135255,51058.674242550434,76792.24606079583
2017,Ingreso monetario,Arica y Parinacota,758884.1291145734,1087480.9570211817,32771.73773992078,46961.90018130647
2020,Ingreso monetario,Arica y Parinacota,823028.6105145331,1086397.765879183,26907.88980470066,35518.41454220487
2022,Ingreso monetario,Arica y Parinacota,1118296.1272635062,1221179.3709717472,36775.215773405616,40158.535624558936
2024,Ingreso monetario,Arica y Parinacota,1280549.3201467763,1280549.3201467763,30083.02951893721,30083.029518937205
2006,Ingreso monetario,Tarapacá,440570.4336273549,927400.762785581,18759.133526655336,39487.976073609505
2009,Ingreso monetario,Tarapacá,512702.36290005705,943885.0500990023,51972.47005046979,95681.31736291485
2011,Ingreso monetario,Tarapacá,666761.2455879688,1151496.6711304202,27501.979298623362,47495.91824872257
2013,Ingreso monetario,Tarapacá,901609.8920249753,1489459.541625259,46665.99107039223,77092.21724828798
2015,Ingreso monetario,Tarapacá,1132258.6057483775,1702916.9430455535,188305.85366650062,283212.00391441735
2017,Ingreso monetario,Tarapacá,948909.6858032538,1359787.5797560615,35258.34607929898,50525.209931635414
2020,Ingreso monetario,Tarapacá,1025134.7807122208,1353177.9105401265,57760.87293965159,76244.35228034013
2022,Ingreso monetario,Tarapacá,1175938.795950011,1284125.165177411,29797.0721048028,32538.402738444674
2024,Ingreso monetario,Tarapacá,1499860.2968064689,1499860.2968064689,36539.681613729175,36539.681613729175
2006,Ingreso monetario,Antofagasta,632700.9757213122,1331835.5538933636,33554.01278694234,70631.19691651363
2009,Ingreso monetario,Antofagasta,745897.8073599489,1373197.8633496664,63248.60217454953,116440.67660334568
2011,Ingreso monetario,Antofagasta,911412.9336618133,1574010.1364339534,47780.816851282565,82517.47070216491
2013,Ingreso monetario,Antofagasta,1089869.7778625812,1800464.873028984,58194.07741262025,96136.61588564866
2015,Ingreso monetario,Antofagasta,1104936.314913886,1661824.2176304834,53409.90134413437,80328.49162157813
2017,Ingreso monetario,Antofagasta,1178092.4975043077,1688206.5489236787,66155.72803012528,94801.15826716948
2020,Ingreso monetario,Antofagasta,1160985.0189823813,1532500.2250567446,62807.79905643308,82906.29475449164
2022,Ingreso monetario,Antofagasta,1395166.7126933008,1523522.050261085,43077.111273270304,47040.20551041116
2024,Ingreso monetario,Antofagasta,1696360.2138263052,1696360.2138263052,39246.824673402334,39246.824673402334
2006,Ingreso monetario,Atacama,550749.7056185444,1159328.1303270361,34040.277440740836,71654.78401275945
2009,Ingreso monetario,Atacama,560512.4327386825,1031903.3886719131,36548.16608425441,67285.17376111232
2011,Ingreso monetario,Atacama,648297.8916641625,1119610.458904007,24677.63124404239,42618.26915846121
2013,Ingreso monetario,Atacama,822268.2460483606,1358387.1424718918,42145.6515781314,69624.61640707307
2015,Ingreso monetario,Atacama,908168.1062448756,1365884.8317922915,23123.24894114926,34777.36640748848
2017,Ingreso monetario,Atacama,906161.430633619,1298529.330097975,47065.42579856608,67444.75516934523
2020,Ingreso monetario,Atacama,966690.4029043006,1276031.3318336778,44613.89975407929,58890.34767538467
2022,Ingreso monetario,Atacama,1110502.1913005195,1212668.3929001666,35865.93240992022,39165.59819163291
2024,Ingreso monetario,Atacama,1355875.4198925023,1355875.4198925023,29745.859729296,29745.859729295997
2006,Ingreso monetario,Coquimbo,390469.90932895005,821939.1591374375,34897.520204616325,73459.28003071735
2009,Ingreso monetario,Coquimbo,432307.3295300217,795877.7936647678,20088.21497472642,36982.40376847135
2011,Ingreso monetario,Coquimbo,505112.572062782,872329.4119524244,18384.24222816522,31749.58632804134
2013,Ingreso monetario,Coquimbo,678759.2603886526,1121310.2981620543,23914.302725948663,39506.4281032672
2015,Ingreso monetario,Coquimbo,738687.0038766118,1110985.2538304215,22056.35458006448,33172.757288416964
2017,Ingreso monetario,Coquimbo,695194.0221495902,996213.0337403632,60507.53041490592,86707.29108456023
2020,Ingreso monetario,Coquimbo,788318.3342910398,1040580.2012641716,32339.62439001477,42688.30419481952
2022,Ingreso monetario,Coquimbo,1084846.8130243388,1184652.719822577,38761.21646246223,42327.2483770088
2024,Ingreso monetario,Coquimbo,1206461.0699180407,1206461.0699180407,26771.090676547145,26771.090676547145
2006,Ingreso monetario,Valparaíso,421367.37745141605,886978.3295352298,14638.967958289946,30815.027552200332
2009,Ingreso monetario,Valparaíso,523529.99259129504,963818.7163605755,28249.784062270897,52007.85245864081
2011,Ingreso monetario,Valparaíso,547819.0608395546,946083.51806991,17058.107669957353,29459.351946016333
2013,Ingreso monetario,Valparaíso,705203.1488654616,1164995.6019257351,27690.430369652335,45744.590970665755
2015,Ingreso monetario,Valparaíso,793402.0259226332,1193276.6469876408,22425.870536054175,33728.50928622547
2017,Ingreso monetario,Valparaíso,902579.8396661822,1293396.9102416402,22540.165801309773,32300.057593276917
2020,Ingreso monetario,Valparaíso,882608.6998937145,1165043.4838596995,25889.394433986963,34174.00065286278
2022,Ingreso monetario,Valparaíso,1118153.375182814,1221023.4856996322,20106.959633046088,21956.799919286324
2024,Ingreso monetario,Valparaíso,1328531.3340143461,1328531.3340143461,24710.589573842175,24710.589573842175
2006,Ingreso monetario,Metropolitana,651643.6375546905,1371709.8570526256,20410.621684879017,42964.35864667032
2009,Ingreso monetario,Metropolitana,782248.9867234104,1440120.384557794,24226.481764259723,44600.95292800221
2011,Ingreso monetario,Metropolitana,814644.4110133953,1406890.8978201346,29516.064536200698,50974.24345401863
2013,Ingreso monetario,Metropolitana,999327.1477159241,1650888.4480267009,29703.428437676528,49070.06377904158
2015,Ingreso monetario,Metropolitana,1140911.2835884297,1715930.5705169903,23924.93017176193,35983.09497832993
2017,Ingreso monetario,Metropolitana,1274144.1765960278,1825848.6050621055,33653.582128948256,48225.583190782854
2020,Ingreso monetario,Metropolitana,1278987.3660367792,1688263.3231685485,29135.46072676068,38458.80815932409
2022,Ingreso monetario,Metropolitana,1665252.9802325845,1818456.2544139924,26397.392327100773,28825.952421194026
2024,Ingreso monetario,Metropolitana,1954987.0184719323,1954987.0184719323,24836.574447091767,24836.574447091763
2006,Ingreso monetario,O'Higgins,412947.7125989667,869254.9350208223,19012.629581490717,40021.58526903792
2009,Ingreso monetario,O'Higgins,489855.6394944921,901824.2323093594,30855.70053472713,56805.34468443268
2011,Ingreso monetario,O'Higgins,540698.1551471772,933785.7139391751,25310.132097344773,43710.59813211442
2013,Ingreso monetario,O'Higgins,629360.8750800565,1039704.1656322537,26785.52946567304,44249.694677291845
2015,Ingreso monetario,O'Higgins,725154.2912817351,1090632.0540877294,23333.490934536338,35093.57036554264
2017,Ingreso monetario,O'Higgins,731171.6138431536,1047768.9226372364,17672.41334414939,25324.568322166077
2020,Ingreso monetario,O'Higgins,812069.0625764932,1071931.162600973,42331.31778373069,55877.33947452457
2022,Ingreso monetario,O'Higgins,1057379.1083013224,1154657.9862650412,21185.386027673743,23134.44154221975
2024,Ingreso monetario,O'Higgins,1230998.7323254023,1230998.7323254023,20994.26119070077,20994.261190700774
2006,Ingreso monetario,Maule,357529.8550104306,752600.3447969544,16580.989288071978,34902.98245139152
2009,Ingreso monetario,Maule,437015.1808408511,804544.9479280063,33822.17561708692,62266.62531105701
2011,Ingreso monetario,Maule,447730.6882322457,773230.8985770888,15493.262724960197,26756.864726006257
2013,Ingreso monetario,Maule,556054.1281029183,918601.4196260237,24247.673080879154,40057.15592961233
2015,Ingreso monetario,Maule,638626.8006836071,960494.7082281433,26678.96491247818,40125.163228367186
2017,Ingreso monetario,Maule,702873.2862857159,1007217.41924743,21287.7597931395,30505.35978356892
2020,Ingreso monetario,Maule,818231.0276158879,1080064.9564529704,80620.60144129074,106419.19390250373
2022,Ingreso monetario,Maule,862570.9783335788,941927.5083402717,15020.712833800217,16402.618414509845
2024,Ingreso monetario,Maule,989613.621192074,989613.621192074,20546.902317855354,20546.902317855354
2017,Ingreso monetario,Ñuble,632986.2481779319,907069.2936389766,26923.467477603208,38581.32889540539
2020,Ingreso monetario,Ñuble,659778.7281957723,870907.9212184196,30808.91468862069,40667.767388979315
2022,Ingreso monetario,Ñuble,816336.459444229,891439.4137130978,17768.554297740335,19403.261293132462
2024,Ingreso monetario,Ñuble,1077834.373588411,1077834.373588411,32906.25950066771,32906.259500667715
2006,Ingreso monetario,Biobío,380262.7484292376,800453.0854435444,13462.019413666581,28337.550865768164
2009,Ingreso monetario,Biobío,448886.7459872051,826400.4993624474,15420.667304695395,28389.448507944246
2011,Ingreso monetario,Biobío,511656.6844136854,883631.0939824345,29304.344218484282,50608.60246532236
2013,Ingreso monetario,Biobío,566793.9363679966,936343.582879931,13054.241616596715,21565.60715061777
2015,Ingreso monetario,Biobío,665794.0113073994,1001354.1930063283,21967.40967589096,33038.984152540004
2017,Ingreso monetario,Biobío,766618.8297437527,1098564.7830227988,41406.11404977975,59334.96143333436
2020,Ingreso monetario,Biobío,814289.0985384958,1074861.6100708153,22871.738980129736,30190.695453771255
2022,Ingreso monetario,Biobío,1062825.9686521334,1160605.9577681297,21767.777252880194,23770.412760145173
2024,Ingreso monetario,Biobío,1289016.7854363066,1289016.7854363066,23898.15768174308,23898.15768174308
2006,Ingreso monetario,La Araucanía,344704.24338290107,725602.4323210078,15195.266804341776,31986.036623139436
2009,Ingreso monetario,La Araucanía,377189.00166006095,694404.9520561718,31800.29597284421,58544.34488600615
2011,Ingreso monetario,La Araucanía,452373.8038099347,781249.5591797617,25469.528302486233,43985.87537839357
2013,Ingreso monetario,La Araucanía,552521.2342078942,912765.0789114423,19441.14637388536,32116.773809658604
2015,Ingreso monetario,La Araucanía,628131.498310656,944709.7734592194,26684.99496922048,40134.23243370764
2017,Ingreso monetario,La Araucanía,697736.9070569909,999856.9878126694,29512.630530617487,42291.599550374885
2020,Ingreso monetario,La Araucanía,712456.5424853481,940442.6360806603,25187.337637587116,33247.28568161499
2022,Ingreso monetario,La Araucanía,857175.31411774,936035.4430165734,15146.949874384503,16540.469262827886
2024,Ingreso monetario,La Araucanía,1011658.8277957924,1011658.8277957924,22122.305057396676,22122.305057396676
2006,Ingreso monetario,Los Ríos,357674.46056092443,752904.7394807473,23523.508738723245,49516.98589501247
2009,Ingreso monetario,Los Ríos,379730.5592384141,699083.95955792,31747.903403563043,58447.89016595958
2011,Ingreso monetario,Los Ríos,503449.0504851517,869456.5101878581,43121.78295958638,74471.31917120566
2013,Ingreso monetario,Los Ríos,561728.8006267421,927975.9786353762,25580.73232136378,42259.36979489298
2015,Ingreso monetario,Los Ríos,758650.4337033507,1141010.2522898377,52824.02877650698,79447.33927986654
2017,Ingreso monetario,Los Ríos,769086.6845918084,1102101.2190200589,53359.91122665168,76464.75278779188
2020,Ingreso monetario,Los Ríos,786744.5330360561,1038502.7836075929,34483.12701845947,45517.727664366525
2022,Ingreso monetario,Los Ríos,1072529.4966858837,1171202.2103809817,28779.80586229146,31427.548001622283
2024,Ingreso monetario,Los Ríos,1189985.1464707744,1189985.1464707744,25591.719493463195,25591.719493463195
2006,Ingreso monetario,Los Lagos,425412.71992225724,895493.775436352,19039.584806097624,40078.32601683549
2009,Ingreso monetario,Los Lagos,455085.6798605683,837812.7366233068,26537.907004864264,48856.286795955115
2011,Ingreso monetario,Los Lagos,484213.6232098864,836236.9272834737,15894.2477739116,27449.365905545343
2013,Ingreso monetario,Los Lagos,623629.8129468298,1030236.4509881611,26890.929516436514,44423.815561153155
2015,Ingreso monetario,Los Lagos,654178.6597232778,983884.7042238065,18357.299750217335,27609.37882432689
2017,Ingreso monetario,Los Lagos,795877.8747689752,1140492.9945439429,37622.32720272041,53912.79488149836
2020,Ingreso monetario,Los Lagos,867548.9300249793,1145164.5876329697,67769.41935529884,89455.63354899449
2022,Ingreso monetario,Los Lagos,1036620.4460966543,1131989.5271375482,25225.917525318062,27546.701937647314
2024,Ingreso monetario,Los Lagos,1247372.3504770256,1247372.3504770256,25302.81931872068,25302.81931872068
2006,Ingreso monetario,Aysén,424319.06193332403,893191.6253696484,19966.64613594855,42029.79011617173
2009,Ingreso monetario,Aysén,578737.65689644,1065456.0263463457,76220.4824109694,140321.90811859467
2011,Ingreso monetario,Aysén,710624.352153667,1227248.256169389,39916.16394774365,68935.21513775316
2013,Ingreso monetario,Aysén,786767.8922272446,1299740.5579594106,26461.81595291597,43714.91995421715
2015,Ingreso monetario,Aysén,918376.9548523279,1381238.9400978978,38098.6304508353,57300.34019805627
2017,Ingreso monetario,Aysén,1116324.3640049405,1599692.8136190781,63733.85957261249,91330.62076755372
2020,Ingreso monetario,Aysén,1050519.0353511844,1386685.1266635598,43500.54114974371,57420.71431766171
2022,Ingreso monetario,Aysén,1333251.473460878,1455910.6090192809,52769.14635344228,57623.907817959
2024,Ingreso monetario,Aysén,1554486.8074763392,1554486.8074763392,62532.74665495909,62532.74665495909
2006,Ingreso monetario,Magallanes,585084.7250120867,1231603.346150442,60365.86294479423,127070.14149879184
2009,Ingreso monetario,Magallanes,636188.4488390047,1171222.9343126097,80423.90141006431,148060.40249592843
2011,Ingreso monetario,Magallanes,735262.2069678621,1269797.8314334964,51290.54535192208,88578.77182276946
2013,Ingreso monetario,Magallanes,843150.1460321088,1392884.041245046,30760.922232153025,50817.04352751674
2015,Ingreso monetario,Magallanes,1038226.3654509608,1561492.4536382463,56325.265163742886,84713.19880626923
2017,Ingreso monetario,Magallanes,1171942.2421103874,1679393.2329441842,66094.00050645784,94712.7027257541
2020,Ingreso monetario,Magallanes,1167689.9911158707,1541350.7882729487,63582.74499078119,83929.22338783118
2022,Ingreso monetario,Magallanes,1337222.9162709287,1460247.42456785,51484.72583836307,56221.32061549247
2024,Ingreso monetario,Magallanes,1670423.8805249978,1670423.8805249978,46717.562189527765,46717.562189527765
2006,Ingreso monetario,Total,508710.78891254484,1070836.2106609084,9442.317815789282,19876.07900223644
2009,Ingreso monetario,Total,600957.243967206,1106362.286143624,11492.211092579671,21157.1606214392
2011,Ingreso monetario,Total,650961.0167757509,1124209.675971718,12181.154204346318,21036.8533109061
2013,Ingreso monetario,Total,797407.6659328127,1317317.4641210095,12850.674619957927,21229.31447217048
2015,Ingreso monetario,Total,905578.406212518,1361989.9229436314,11421.643501153625,17178.151825735025
2017,Ingreso monetario,Total,995093.2419088717,1425968.615655414,15483.471738663817,22187.81500150525
2020,Ingreso monetario,Total,1028312.8306195784,1357372.936417839,14722.311420909824,19433.451075600973
2022,Ingreso monetario,Total,1304770.950695568,1424809.87815956,12307.452340371516,13439.737955685674
2024,Ingreso monetario,Total,1541266.2560876675,1541266.2560876675,11451.082217717967,11451.082217717967
